{"assets/images/12%20INCH%20FAN.jpg":["assets/images/12%20INCH%20FAN.jpg"],"assets/products/12%20INCH%20FAN.jpg":["assets/products/12%20INCH%20FAN.jpg"],"assets/products/6%20INCH%20FAN.jpg":["assets/products/6%20INCH%20FAN.jpg"],"assets/images/6%20INCH%20FAN.jpg":["assets/images/6%20INCH%20FAN.jpg"],"assets/products/8%20INCH%20FAN.jpg":["assets/products/8%20INCH%20FAN.jpg"],"assets/images/8%20INCH%20FAN.jpg":["assets/images/8%20INCH%20FAN.jpg"],"assets/products/9%20INCH%20FAN.jpg":["assets/products/9%20INCH%20FAN.jpg"],"assets/images/9%20INCH%20FAN.jpg":["assets/images/9%20INCH%20FAN.jpg"],"assets/products/APH%20LEVER.jpg":["assets/products/APH%20LEVER.jpg"],"assets/images/APH%20LEVER.jpg":["assets/images/APH%20LEVER.jpg"],"assets/products/APH.jpg":["assets/products/APH.jpg"],"assets/images/APH.jpg":["assets/images/APH.jpg"],"assets/products/ARISTO.jpg":["assets/products/ARISTO.jpg"],"assets/images/ARISTO.jpg":["assets/images/ARISTO.jpg"],"assets/products/CHEE%20SIREN.jpg":["assets/products/CHEE%20SIREN.jpg"],"assets/images/CHEE%20SIREN.jpg":["assets/images/CHEE%20SIREN.jpg"],"assets/images/CLASSIC.jpg":["assets/images/CLASSIC.jpg"],"assets/products/CLASSIC.jpg":["assets/products/CLASSIC.jpg"],"assets/products/COMMANDER.jpg":["assets/products/COMMANDER.jpg"],"assets/images/COMMANDER.jpg":["assets/images/COMMANDER.jpg"],"assets/products/CONVERTER%20.jpg":["assets/products/CONVERTER%20.jpg"],"assets/images/CONVERTER.jpg":["assets/images/CONVERTER.jpg"],"packages/cupertino_icons/assets/CupertinoIcons.ttf":["packages/cupertino_icons/assets/CupertinoIcons.ttf"],"assets/images/GOLD.jpg":["assets/images/GOLD.jpg"],"assets/products/GOLD.jpg":["assets/products/GOLD.jpg"],"assets/images/HEXA%20TONE%2030.jpg":["assets/images/HEXA%20TONE%2030.jpg"],"assets/products/HEXA%20TONE%2030.jpg":["assets/products/HEXA%20TONE%2030.jpg"],"assets/products/HEXABIGUL%20100.jpg":["assets/products/HEXABIGUL%20100.jpg"],"assets/images/HEXABIGUL%20100.jpg":["assets/images/HEXABIGUL%20100.jpg"],"assets/products/HEXABIGUL%2024.jpg":["assets/products/HEXABIGUL%2024.jpg"],"assets/images/HEXABIGUL%2024.jpg":["assets/images/HEXABIGUL%2024.jpg"],"assets/images/HEXABIGUL%2031.jpg":["assets/images/HEXABIGUL%2031.jpg"],"assets/products/HEXABIGUL%2031.jpg":["assets/products/HEXABIGUL%2031.jpg"],"assets/images/JHANKAR.jpg":["assets/images/JHANKAR.jpg"],"assets/products/JHANKAR.jpg":["assets/products/JHANKAR.jpg"],"assets/images/JUMBO.jpg":["assets/images/JUMBO.jpg"],"assets/products/JUMBO.jpg":["assets/products/JUMBO.jpg"],"assets/products/M-100.jpg":["assets/products/M-100.jpg"],"assets/images/M-100.jpg":["assets/images/M-100.jpg"],"assets/images/M-125.jpg":["assets/images/M-125.jpg"],"assets/products/M-125.jpg":["assets/products/M-125.jpg"],"assets/images/M-72.jpg":["assets/images/M-72.jpg"],"assets/products/M-72.jpg":["assets/products/M-72.jpg"],"assets/images/M-80.jpg":["assets/images/M-80.jpg"],"assets/products/M-80.jpg":["assets/products/M-80.jpg"],"assets/images/M-90.jpg":["assets/images/M-90.jpg"],"assets/products/M-90.jpg":["assets/products/M-90.jpg"],"assets/images/MINI%20VIBRO.jpg":["assets/images/MINI%20VIBRO.jpg"],"assets/products/MINI%20VIBRO.jpg":["assets/products/MINI%20VIBRO.jpg"],"assets/products/PULSAR.jpg":["assets/products/PULSAR.jpg"],"assets/images/PULSAR.jpg":["assets/images/PULSAR.jpg"],"assets/products/RAINBOW.jpg":["assets/products/RAINBOW.jpg"],"assets/images/RAINBOW.jpg":["assets/images/RAINBOW.jpg"],"assets/products/REVERSE%20HORN.jpg":["assets/products/REVERSE%20HORN.jpg"],"assets/images/REVERSE%20HORN.jpg":["assets/images/REVERSE%20HORN.jpg"],"assets/images/SILICON.jpg":["assets/images/SILICON.jpg"],"assets/products/SILICON.jpg":["assets/products/SILICON.jpg"],"assets/products/SLEEK%20HORN.jpg":["assets/products/SLEEK%20HORN.jpg"],"assets/images/SLEEK%20HORN.jpg":["assets/images/SLEEK%20HORN.jpg"],"assets/images/SWEET%20TONE.jpg":["assets/images/SWEET%20TONE.jpg"],"assets/products/SWEET%20TONE.jpg":["assets/products/SWEET%20TONE.jpg"],"assets/products/TATA%20SPECIAL.jpg":["assets/products/TATA%20SPECIAL.jpg"],"assets/images/TATA%20SPECIAL.jpg":["assets/images/TATA%20SPECIAL.jpg"],"assets/images/TRIBIGUL%2016.jpg":["assets/images/TRIBIGUL%2016.jpg"],"assets/products/TRIBIGUL%2016.jpg":["assets/products/TRIBIGUL%2016.jpg"],"assets/images/TRIBIGUL%2025.jpg":["assets/images/TRIBIGUL%2025.jpg"],"assets/products/TRIBIGUL%2025.jpg":["assets/products/TRIBIGUL%2025.jpg"],"assets/images/TRIBIGUL%2040.jpg":["assets/images/TRIBIGUL%2040.jpg"],"assets/products/TRIBIGUL%2040.jpg":["assets/products/TRIBIGUL%2040.jpg"],"assets/products/TRITONE%20JUMBO.jpg":["assets/products/TRITONE%20JUMBO.jpg"],"assets/images/TRITONE%20JUMBO.jpg":["assets/images/TRITONE%20JUMBO.jpg"],"assets/images/TRITONE.jpg":["assets/images/TRITONE.jpg"],"assets/products/TRITONE.jpg":["assets/products/TRITONE.jpg"],"assets/products/TUK%20TUK.jpg":["assets/products/TUK%20TUK.jpg"],"assets/images/TUK%20TUK.jpg":["assets/images/TUK%20TUK.jpg"],"assets/products/TWIN%20JUMBO.jpg":["assets/products/TWIN%20JUMBO.jpg"],"assets/images/TWIN%20JUMBO.jpg":["assets/images/TWIN%20JUMBO.jpg"],"assets/products/TWIN%20TONE.jpg":["assets/products/TWIN%20TONE.jpg"],"assets/images/TWIN%20TONE.jpg":["assets/images/TWIN%20TONE.jpg"],"assets/images/VIP%20SIREN.jpg":["assets/images/VIP%20SIREN.jpg"],"assets/products/VIP%20SIREN.jpg":["assets/products/VIP%20SIREN.jpg"],"assets/products/WIND%20TONE.jpg":["assets/products/WIND%20TONE.jpg"],"assets/images/WIND%20TONE.jpg":["assets/images/WIND%20TONE.jpg"],"assets/icons/browser.png":["assets/icons/browser.png"],"assets/icons/call.png":["assets/icons/call.png"],"assets/images/call.png":["assets/images/call.png"],"assets/icons/gmail.png":["assets/icons/gmail.png"],"assets/icons/grid.png":["assets/icons/grid.png"],"assets/images/kobra.png":["assets/images/kobra.png"],"assets/images/logo.png":["assets/images/logo.png"],"assets/icons/mail.png":["assets/icons/mail.png"],"assets/images/mail.png":["assets/images/mail.png"],"assets/icons/massage.png":["assets/icons/massage.png"],"assets/images/outlook.png":["assets/images/outlook.png"],"assets/icons/phone.png":["assets/icons/phone.png"],"assets/images/website.png":["assets/images/website.png"],"assets/icons/whatsapp.png":["assets/icons/whatsapp.png"],"assets/images/whatsapp.png":["assets/images/whatsapp.png"]}